K_mean,linfh,yef,bet1,bet2,ppt,osp,ple1,ple2,stn1,stn2,stn3,stn4,stn5
0.283241588,57.89109434,0.132001993,1.171730039,0.384058568,-0.439208106,0.234824569,-0.062335498,-0.119045793,0.104799564,-0.345100846,0.429310992,-0.06551975,0.085536464
